timestamp,image_filename,clear_sky_score,sky_condition,brightness_average,brightness_condition,color_red,color_green,color_blue,blue_dominant,blue_coverage_percent,gray_coverage_percent,white_coverage_percent
2026-03-04 10:54:11,sky_20260304_105411.jpg,20,,103.84,⛅ MODERATE - Cloudy,103.3,104.1,103.86,0,,,
2026-03-04 10:00:17,sky_20260304_100017.jpg,20,,100.36,⛅ MODERATE - Cloudy,100.71,100.45,99.02,0,,,
2026-03-03 16:23:03,sky_20260303_162303.jpg,19,,98.32,☁️ DIM - Overcast,95.04,100.03,98.39,0,,,
2026-03-03 15:50:43,sky_20260303_155043.jpg,19,,99.41,☁️ DIM - Overcast,99.99,99.11,99.43,0,,,
2026-03-02 23:41:24,sky_20260302_234124.jpg,23,,96.63,☁️ DIM - Overcast,90.33,100.51,93.41,0,,,
2026-03-02 23:41:14,sky_20260302_234114.jpg,20,,77.59,☁️ DIM - Overcast,70.99,81.97,72.39,0,,,
2026-03-02 23:41:04,sky_20260302_234104.jpg,22,,91.44,☁️ DIM - Overcast,85.0,95.73,86.35,0,,,
2026-03-02 23:40:54,sky_20260302_234054.jpg,22,,87.78,☁️ DIM - Overcast,81.71,91.71,83.49,0,,,
2026-03-02 23:40:44,sky_20260302_234044.jpg,17,,86.06,☁️ DIM - Overcast,81.83,88.68,83.92,0,,,
2026-03-02 23:40:34,sky_20260302_234034.jpg,18,,94.1,☁️ DIM - Overcast,90.15,96.75,91.11,0,,,
2026-03-02 23:40:24,sky_20260302_234024.jpg,18,,94.48,☁️ DIM - Overcast,90.52,97.13,91.53,0,,,
2026-03-02 23:40:14,sky_20260302_234014.jpg,17,,85.33,☁️ DIM - Overcast,80.6,88.32,82.58,0,,,
2026-03-02 23:40:07,sky_20260302_234007.jpg,15,,73.86,☁️ DIM - Overcast,69.38,77.03,69.38,0,,,
2026-03-02 23:40:06.925969,sky_NORTS_0000001741025.jpg,19,,73.9,☁️ DIM - Overcast,69.42,77.13,69.14,0,,,
2026-03-02 23:40:05.671814,sky_NORTS_0000001730999.jpg,21,,86.24,☁️ DIM - Overcast,79.92,90.4,81.53,0,,,
2026-03-02 23:38:47,sky_20260302_233847.jpg,24,,97.26,☁️ DIM - Overcast,90.7,101.79,91.33,0,,,
2026-03-02 23:38:37,sky_20260302_233837.jpg,24,,97.91,☁️ DIM - Overcast,91.56,102.22,92.43,0,,,
2026-03-02 23:38:27,sky_20260302_233827.jpg,23,,93.57,☁️ DIM - Overcast,87.12,97.92,88.22,0,,,
2026-03-02 23:38:17,sky_20260302_233817.jpg,23,,93.31,☁️ DIM - Overcast,86.79,97.7,88.01,0,,,
2026-03-02 23:38:07,sky_20260302_233807.jpg,23,,93.74,☁️ DIM - Overcast,87.14,98.27,87.92,0,,,
2026-03-02 23:37:57,sky_20260302_233757.jpg,23,,93.27,☁️ DIM - Overcast,86.4,97.94,87.4,0,,,
2026-03-02 23:37:47,sky_20260302_233747.jpg,23,,94.68,☁️ DIM - Overcast,87.88,99.3,88.97,0,,,
2026-03-02 23:37:37,sky_20260302_233737.jpg,23,,93.82,☁️ DIM - Overcast,87.15,98.28,88.44,0,,,
2026-03-02 23:37:27,sky_20260302_233727.jpg,23,,95.05,☁️ DIM - Overcast,88.24,99.2,91.87,0,,,
2026-03-02 23:37:17,sky_20260302_233717.jpg,23,,93.61,☁️ DIM - Overcast,86.61,97.88,90.3,0,,,
2026-03-02 23:37:07,sky_20260302_233707.jpg,23,,92.84,☁️ DIM - Overcast,85.91,96.98,89.99,0,,,
2026-03-02 23:36:57,sky_20260302_233657.jpg,23,,94.29,☁️ DIM - Overcast,87.45,98.49,90.93,0,,,
2026-03-02 23:36:47,sky_20260302_233647.jpg,23,,96.17,☁️ DIM - Overcast,90.07,99.97,92.83,0,,,
2026-03-02 23:36:37,sky_20260302_233637.jpg,21,,83.83,☁️ DIM - Overcast,77.57,87.59,81.14,0,,,
2026-03-02 23:36:27,sky_20260302_233627.jpg,23,,91.85,☁️ DIM - Overcast,85.61,95.74,88.46,0,,,
2026-03-02 23:36:17,sky_20260302_233617.jpg,23,,91.82,☁️ DIM - Overcast,86.07,95.37,88.84,0,,,
2026-03-02 23:36:07,sky_20260302_233607.jpg,23,,92.43,☁️ DIM - Overcast,86.6,96.11,89.04,0,,,
2026-03-02 23:35:57,sky_20260302_233557.jpg,23,,92.03,☁️ DIM - Overcast,85.76,95.93,88.66,0,,,
2026-03-02 23:35:47,sky_20260302_233547.jpg,23,,92.11,☁️ DIM - Overcast,85.97,96.02,88.35,0,,,
2026-03-02 23:35:37,sky_20260302_233537.jpg,23,,92.43,☁️ DIM - Overcast,86.34,96.24,89.06,0,,,
2026-03-02 23:35:27,sky_20260302_233527.jpg,22,,91.79,☁️ DIM - Overcast,85.71,95.56,88.6,0,,,
2026-03-02 23:35:17,sky_20260302_233517.jpg,22,,91.44,☁️ DIM - Overcast,85.81,95.03,87.94,0,,,
2026-03-02 23:35:07,sky_20260302_233507.jpg,23,,95.06,☁️ DIM - Overcast,89.32,98.71,91.62,0,,,
2026-03-02 23:34:57,sky_20260302_233457.jpg,23,,96.25,☁️ DIM - Overcast,90.18,100.04,93.03,0,,,
2026-03-02 23:34:47,sky_20260302_233447.jpg,24,,97.74,☁️ DIM - Overcast,91.74,101.49,94.41,0,,,
2026-03-02 23:34:37,sky_20260302_233437.jpg,23,,96.89,☁️ DIM - Overcast,90.81,100.65,93.81,0,,,
2026-03-02 23:34:27,sky_20260302_233427.jpg,23,,96.41,☁️ DIM - Overcast,90.51,100.07,93.36,0,,,
2026-03-02 23:34:17,sky_20260302_233417.jpg,24,,97.82,☁️ DIM - Overcast,91.44,101.67,94.95,0,,,
2026-03-02 23:34:07,sky_20260302_233407.jpg,23,,92.93,☁️ DIM - Overcast,86.31,97.35,87.6,0,,,
2026-03-02 23:33:57,sky_20260302_233357.jpg,23,,93.25,☁️ DIM - Overcast,86.45,97.85,87.5,0,,,
2026-03-02 23:33:47,sky_20260302_233347.jpg,23,,93.12,☁️ DIM - Overcast,86.33,97.67,87.49,0,,,
2026-03-02 23:33:37,sky_20260302_233337.jpg,23,,93.02,☁️ DIM - Overcast,86.3,97.51,87.49,0,,,
2026-03-02 23:33:27,sky_20260302_233327.jpg,23,,92.18,☁️ DIM - Overcast,85.83,96.47,86.82,0,,,
2026-03-02 23:33:17,sky_20260302_233317.jpg,22,,87.42,☁️ DIM - Overcast,80.05,92.18,82.3,0,,,
2026-03-02 23:33:07,sky_20260302_233307.jpg,22,,87.69,☁️ DIM - Overcast,80.77,92.27,82.34,0,,,
2026-03-02 23:32:57,sky_20260302_233257.jpg,22,,87.1,☁️ DIM - Overcast,80.1,91.66,82.02,0,,,
2026-03-02 23:32:47,sky_20260302_233247.jpg,22,,91.58,☁️ DIM - Overcast,84.77,96.1,86.35,0,,,
2026-03-02 23:32:37,sky_20260302_233237.jpg,23,,92.33,☁️ DIM - Overcast,85.73,96.79,86.66,0,,,
2026-03-02 23:32:27,sky_20260302_233227.jpg,23,,91.8,☁️ DIM - Overcast,85.08,95.97,88.21,0,,,
2026-03-02 23:32:17,sky_20260302_233217.jpg,18,,90.56,☁️ DIM - Overcast,86.17,93.49,87.27,0,,,
2026-03-02 23:32:07,sky_20260302_233207.jpg,20,,77.9,☁️ DIM - Overcast,73.2,81.45,72.03,0,,,
2026-03-02 23:31:46,sky_20260302_233146.jpg,16,,76.69,☁️ DIM - Overcast,72.46,79.92,71.36,0,,,
2026-03-02 23:31:42,sky_20260302_233142.jpg,24,,98.8,☁️ DIM - Overcast,92.04,102.94,95.44,0,,,
2026-03-02 23:31:36,sky_20260302_233136.jpg,24,,98.5,☁️ DIM - Overcast,91.99,102.52,95.14,0,,,
2026-03-02 23:31:32,sky_20260302_233132.jpg,24,,98.24,☁️ DIM - Overcast,91.76,102.24,94.87,0,,,
2026-03-02 23:31:26,sky_20260302_233126.jpg,24,,98.18,☁️ DIM - Overcast,91.59,102.27,94.66,0,,,
2026-03-02 23:31:21,sky_20260302_233121.jpg,24,,98.24,☁️ DIM - Overcast,91.93,102.16,94.83,0,,,
2026-03-02 23:31:16,sky_20260302_233116.jpg,15,,74.63,☁️ DIM - Overcast,69.79,77.7,71.79,0,,,
2026-03-02 23:31:12,sky_20260302_233112.jpg,18,,96.31,☁️ DIM - Overcast,92.16,99.15,92.95,0,,,
2026-03-02 23:31:06,sky_20260302_233106.jpg,17,,85.43,☁️ DIM - Overcast,80.76,88.33,82.96,0,,,
2026-03-02 23:31:02,sky_20260302_233102.jpg,17,,84.89,☁️ DIM - Overcast,80.17,87.85,82.35,0,,,
2026-03-02 23:30:56,sky_20260302_233056.jpg,16,,83.95,☁️ DIM - Overcast,79.49,86.83,81.11,0,,,
2026-03-02 23:30:52,sky_20260302_233052.jpg,16,,83.01,☁️ DIM - Overcast,78.96,85.86,79.29,0,,,
2026-03-02 23:30:49,sky_20260302_233049.jpg,21,,86.53,☁️ DIM - Overcast,82.11,89.68,82.16,0,,,
2026-03-02 23:30:42,sky_20260302_233042.jpg,16,,80.99,☁️ DIM - Overcast,76.88,83.87,77.19,0,,,
2026-03-02 23:30:36,sky_20260302_233036.jpg,16,,80.75,☁️ DIM - Overcast,76.69,83.54,77.31,0,,,
2026-03-02 23:30:26,sky_20260302_233026.jpg,16,,79.66,☁️ DIM - Overcast,75.58,82.5,76.08,0,,,
2026-03-02 23:30:16,sky_20260302_233016.jpg,16,,80.54,☁️ DIM - Overcast,76.42,83.33,77.26,0,,,
2026-03-02 23:30:06,sky_20260302_233006.jpg,16,,80.88,☁️ DIM - Overcast,76.71,83.72,77.47,0,,,
2026-03-02 23:29:56,sky_20260302_232956.jpg,20,,81.42,☁️ DIM - Overcast,74.84,85.97,75.22,0,,,
2026-03-02 23:29:46,sky_20260302_232946.jpg,20,,80.68,☁️ DIM - Overcast,74.45,85.03,74.7,0,,,
2026-03-02 23:29:36,sky_20260302_232936.jpg,20,,80.72,☁️ DIM - Overcast,74.05,85.3,74.76,0,,,
2026-03-02 23:29:26,sky_20260302_232926.jpg,20,,80.75,☁️ DIM - Overcast,74.25,85.2,74.92,0,,,
2026-03-02 23:29:16,sky_20260302_232916.jpg,20,,81.16,☁️ DIM - Overcast,74.68,85.66,75.02,0,,,
2026-03-02 23:29:06,sky_20260302_232906.jpg,20,,81.18,☁️ DIM - Overcast,74.65,85.67,75.22,0,,,
2026-03-02 23:28:56,sky_20260302_232856.jpg,21,,81.74,☁️ DIM - Overcast,75.05,86.32,75.75,0,,,
2026-03-02 23:28:46,sky_20260302_232846.jpg,20,,81.12,☁️ DIM - Overcast,74.6,85.65,75.02,0,,,
2026-03-02 23:28:36,sky_20260302_232836.jpg,21,,81.64,☁️ DIM - Overcast,75.05,86.3,75.09,0,,,
2026-03-02 23:28:26,sky_20260302_232826.jpg,21,,82.09,☁️ DIM - Overcast,75.92,86.45,75.87,0,,,
2026-03-02 23:28:16,sky_20260302_232816.jpg,24,,99.76,☁️ DIM - Overcast,93.69,103.6,96.14,0,,,
2026-03-02 23:28:06,sky_20260302_232806.jpg,24,,99.52,☁️ DIM - Overcast,93.2,103.46,96.02,0,,,
2026-03-02 23:27:56,sky_20260302_232756.jpg,24,,99.35,☁️ DIM - Overcast,92.63,103.53,95.69,0,,,
2026-03-02 23:27:47,sky_20260302_232747.jpg,24,,99.57,☁️ DIM - Overcast,92.94,103.69,95.98,0,,,
2026-03-02 23:27:36,sky_20260302_232736.jpg,25,,104.01,⛅ MODERATE - Cloudy,96.22,108.75,100.32,0,,,
2026-03-02 23:27:26,sky_20260302_232726.jpg,24,,100.34,⛅ MODERATE - Cloudy,93.96,104.31,96.76,0,,,
2026-03-02 23:27:16,sky_20260302_232716.jpg,24,,100.69,⛅ MODERATE - Cloudy,94.29,104.76,96.69,0,,,
2026-03-02 23:27:06,sky_20260302_232706.jpg,24,,100.98,⛅ MODERATE - Cloudy,94.65,104.92,97.52,0,,,
2026-03-02 23:26:56,sky_20260302_232656.jpg,24,,100.87,⛅ MODERATE - Cloudy,94.58,104.8,97.36,0,,,
2026-03-02 23:26:46,sky_20260302_232646.jpg,24,,100.59,⛅ MODERATE - Cloudy,94.42,104.42,97.25,0,,,
2026-03-02 23:26:37,sky_20260302_232637.jpg,24,,101.21,⛅ MODERATE - Cloudy,94.87,105.21,97.47,0,,,
2026-03-02 23:26:26,sky_20260302_232626.jpg,24,,100.02,⛅ MODERATE - Cloudy,93.79,103.95,96.43,0,,,
2026-03-02 23:26:16,sky_20260302_232616.jpg,24,,100.11,⛅ MODERATE - Cloudy,93.72,104.09,96.7,0,,,
2026-03-02 23:26:08,sky_20260302_232608.jpg,24,,99.79,☁️ DIM - Overcast,93.56,103.7,96.32,0,,,
2026-03-02 23:25:56,sky_20260302_232556.jpg,24,,100.26,⛅ MODERATE - Cloudy,94.19,104.13,96.6,0,,,
2026-03-02 23:25:47,sky_20260302_232547.jpg,24,,99.47,☁️ DIM - Overcast,93.2,103.35,96.09,0,,,
2026-03-02 23:25:39,sky_20260302_232539.jpg,24,,101.14,⛅ MODERATE - Cloudy,94.36,105.35,97.59,0,,,
2026-03-02 23:25:12,sky_20260302_232512.jpg,24,,99.83,☁️ DIM - Overcast,93.46,103.81,96.32,0,,,
2026-03-02 23:25:01,sky_20260302_232501.jpg,25,,102.14,⛅ MODERATE - Cloudy,95.13,106.52,98.23,0,,,
2026-03-02 23:24:51,sky_20260302_232451.jpg,24,,100.75,⛅ MODERATE - Cloudy,94.2,104.83,97.25,0,,,
2026-03-02 23:24:41,sky_20260302_232441.jpg,24,,98.85,☁️ DIM - Overcast,92.71,102.62,95.87,0,,,
2026-03-02 23:24:30,sky_20260302_232430.jpg,24,,98.31,☁️ DIM - Overcast,92.06,102.18,94.97,0,,,
2026-03-02 23:24:20,sky_20260302_232420.jpg,24,,98.61,☁️ DIM - Overcast,92.37,102.5,95.17,0,,,
2026-03-02 23:24:10,sky_20260302_232410.jpg,24,,98.91,☁️ DIM - Overcast,92.6,102.81,95.65,0,,,
2026-03-02 23:24:00,sky_20260302_232400.jpg,24,,98.78,☁️ DIM - Overcast,92.45,102.78,95.02,0,,,
2026-03-02 23:23:51,sky_20260302_232351.jpg,24,,98.54,☁️ DIM - Overcast,92.4,102.39,95.05,0,,,
2026-03-02 23:23:40,sky_20260302_232340.jpg,24,,98.52,☁️ DIM - Overcast,92.51,102.24,95.37,0,,,
2026-03-02 23:23:30,sky_20260302_232330.jpg,24,,99.22,☁️ DIM - Overcast,93.27,102.97,95.75,0,,,
2026-03-02 23:23:20,sky_20260302_232320.jpg,26,,104.97,⛅ MODERATE - Cloudy,97.9,109.39,101.07,0,,,
2026-03-02 23:23:11,sky_20260302_232311.jpg,24,,100.59,⛅ MODERATE - Cloudy,93.95,104.73,96.82,0,,,
2026-03-02 23:23:01,sky_20260302_232301.jpg,24,,100.89,⛅ MODERATE - Cloudy,94.49,104.93,97.15,0,,,
2026-03-02 23:22:50,sky_20260302_232250.jpg,24,,100.02,⛅ MODERATE - Cloudy,93.81,103.96,96.3,0,,,
2026-03-02 23:22:40,sky_20260302_232240.jpg,24,,101.63,⛅ MODERATE - Cloudy,95.11,105.64,98.37,0,,,
2026-03-02 23:22:30,sky_20260302_232230.jpg,26,,105.57,⛅ MODERATE - Cloudy,98.86,109.91,101.15,0,,,
2026-03-02 23:22:20,sky_20260302_232220.jpg,24,,99.73,☁️ DIM - Overcast,93.75,103.55,95.99,0,,,
2026-03-02 23:22:10,sky_20260302_232210.jpg,24,,98.96,☁️ DIM - Overcast,93.01,102.74,95.36,0,,,
2026-03-02 23:22:00,sky_20260302_232200.jpg,24,,98.87,☁️ DIM - Overcast,92.97,102.6,95.36,0,,,
2026-03-02 23:21:50,sky_20260302_232150.jpg,24,,99.0,☁️ DIM - Overcast,92.95,102.88,95.21,0,,,
2026-03-02 23:21:49.177224,sky_NORTS_0000000631198.jpg,24,,98.17,☁️ DIM - Overcast,92.26,101.93,94.49,0,,,
2026-03-02 23:21:49,sky_20260302_232149.jpg,24,,98.94,☁️ DIM - Overcast,93.02,102.68,95.4,0,,,
2026-03-02 23:21:47.685352,sky_NORTS_0000000621194.jpg,24,,99.24,☁️ DIM - Overcast,92.97,103.2,95.59,0,,,
2026-03-02 23:21:46.369646,sky_NORTS_0000000611124.jpg,24,,99.81,☁️ DIM - Overcast,93.28,103.88,96.25,0,,,
2026-03-02 23:21:44.783196,sky_NORTS_0000000601099.jpg,24,,99.44,☁️ DIM - Overcast,93.06,103.41,95.93,0,,,
2026-03-02 23:21:43.734233,sky_NORTS_0000000591039.jpg,24,,99.63,☁️ DIM - Overcast,93.57,103.4,96.38,0,,,
2026-03-02 23:21:42.465573,sky_NORTS_0000000580992.jpg,24,,99.84,☁️ DIM - Overcast,93.72,103.66,96.47,0,,,
2026-03-02 23:21:41.357054,sky_NORTS_0000000570958.jpg,24,,99.68,☁️ DIM - Overcast,93.35,103.68,95.93,0,,,
2026-03-02 23:21:40.116416,sky_NORTS_0000000560923.jpg,24,,100.55,⛅ MODERATE - Cloudy,94.14,104.6,96.78,0,,,
2026-03-02 23:21:38.046021,sky_NORTS_0000000347879.jpg,24,,100.86,⛅ MODERATE - Cloudy,94.94,104.58,97.49,0,,,
2026-03-02 23:21:36.733330,sky_NORTS_0000000150280.jpg,24,,100.84,⛅ MODERATE - Cloudy,94.54,105.0,96.26,0,,,
2026-03-02 23:21:35,sky_20260302_232135.jpg,24,,98.71,☁️ DIM - Overcast,92.65,102.5,95.36,0,,,
2026-03-02 23:21:34.754004,sky_NORTS_0000000498483.jpg,24,,100.12,⛅ MODERATE - Cloudy,94.1,103.94,96.53,0,,,
2026-03-02 23:21:33.529381,sky_NORTS_0000000488457.jpg,24,,100.27,⛅ MODERATE - Cloudy,93.82,104.38,96.24,0,,,
2026-03-02 23:21:32.329782,sky_NORTS_0000000478431.jpg,24,,99.98,☁️ DIM - Overcast,93.57,104.09,95.79,0,,,
2026-03-02 23:21:30.997560,sky_NORTS_0000000468403.jpg,24,,99.97,☁️ DIM - Overcast,93.93,103.78,96.49,0,,,
2026-03-02 23:21:29.831995,sky_NORTS_0000000458340.jpg,24,,100.03,⛅ MODERATE - Cloudy,93.76,104.03,96.12,0,,,
2026-03-02 23:21:28.620889,sky_NORTS_0000000448255.jpg,24,,99.11,☁️ DIM - Overcast,93.04,102.96,95.54,0,,,
2026-03-02 23:21:27.396269,sky_NORTS_0000000438193.jpg,24,,98.63,☁️ DIM - Overcast,92.73,102.41,94.85,0,,,
2026-03-02 23:21:26.122602,sky_NORTS_0000000428153.jpg,24,,98.72,☁️ DIM - Overcast,92.78,102.55,94.79,0,,,
2026-03-02 23:21:24.452571,sky_NORTS_0000000418118.jpg,19,,99.06,☁️ DIM - Overcast,93.21,102.81,95.31,0,,,
2026-03-02 23:21:22.481271,sky_NORTS_0000000408093.jpg,24,,98.52,☁️ DIM - Overcast,92.6,102.25,95.06,0,,,
2026-03-02 23:21:13.875397,sky_NORTS_0000000398068.jpg,24,,98.8,☁️ DIM - Overcast,93.03,102.5,95.07,0,,,
2026-03-02 23:21:07.208290,sky_NORTS_0000000388020.jpg,26,,104.47,⛅ MODERATE - Cloudy,98.47,108.44,99.97,0,,,
2026-03-02 23:20:52.969271,sky_NORTS_0000000377983.jpg,24,,99.43,☁️ DIM - Overcast,93.66,103.13,95.69,0,,,
2026-03-02 23:20:45.189550,sky_NORTS_0000000367947.jpg,24,,99.01,☁️ DIM - Overcast,93.07,102.78,95.48,0,,,
2026-03-02 23:20:34.189081,sky_NORTS_0000000357904.jpg,24,,100.5,⛅ MODERATE - Cloudy,94.62,104.11,97.57,0,,,
2026-03-02 23:20:04.142104,sky_NORTS_0000000337843.jpg,24,,99.03,☁️ DIM - Overcast,93.41,102.64,95.43,0,,,
2026-03-02 23:20:00.247039,sky_NORTS_0000000327787.jpg,25,,103.42,⛅ MODERATE - Cloudy,96.86,107.52,99.81,0,,,
2026-03-02 23:19:52.064055,sky_NORTS_0000000250535.jpg,22,,89.92,☁️ DIM - Overcast,83.61,93.86,86.51,0,,,
2026-03-02 23:19:30.759585,sky_NORTS_0000000150280.jpg,24,,100.84,⛅ MODERATE - Cloudy,94.54,105.0,96.26,0,,,
2026-03-02 23:19:15,sky_20260302_231915.jpg,24,,99.98,☁️ DIM - Overcast,93.59,104.01,96.2,0,,,
2026-03-02 23:18:37.611852,sky_NORTS_0000000240509.jpg,22,,89.91,☁️ DIM - Overcast,83.68,93.77,86.69,0,,,
2026-03-02 23:18:33.029161,sky_NORTS_0000000230483.jpg,23,,94.07,☁️ DIM - Overcast,87.74,98.01,90.66,0,,,
2026-03-02 23:18:28.077104,sky_NORTS_0000000220457.jpg,23,,92.29,☁️ DIM - Overcast,86.02,96.19,89.03,0,,,
2026-03-02 23:18:23.995873,sky_NORTS_0000000210429.jpg,23,,92.17,☁️ DIM - Overcast,85.91,96.04,88.98,0,,,
2026-03-02 23:18:17.753995,sky_NORTS_0000000200404.jpg,22,,91.48,☁️ DIM - Overcast,84.92,95.5,88.26,0,,,
2026-03-02 23:18:12.205902,sky_NORTS_0000000190379.jpg,24,,98.3,☁️ DIM - Overcast,92.57,101.92,94.93,0,,,
2026-03-02 23:17:57.455901,sky_NORTS_0000000180354.jpg,24,,100.31,⛅ MODERATE - Cloudy,94.37,104.16,96.35,0,,,
2026-03-02 23:17:25.245947,sky_NORTS_0000000170329.jpg,24,,100.82,⛅ MODERATE - Cloudy,95.2,104.42,97.32,0,,,
2026-03-02 23:17:05.856212,sky_NORTS_0000000160304.jpg,25,,103.12,⛅ MODERATE - Cloudy,97.45,106.85,99.07,0,,,
2026-03-02 23:16:31.599691,sky_NORTS_0000000140256.jpg,26,,104.14,⛅ MODERATE - Cloudy,98.29,107.59,102.16,0,,,
2026-03-02 23:16:25.084238,sky_NORTS_0000000130232.jpg,25,,101.66,⛅ MODERATE - Cloudy,95.67,105.24,99.48,0,,,
2026-03-02 23:16:15.061574,sky_NORTS_0000000120208.jpg,24,,100.56,⛅ MODERATE - Cloudy,94.45,104.28,97.9,0,,,
2026-03-02 23:16:09.576055,sky_NORTS_0000000110184.jpg,20,,80.49,☁️ DIM - Overcast,74.33,84.87,74.17,0,,,
2026-03-02 23:15:59.097981,sky_NORTS_0000000100161.jpg,20,,80.43,☁️ DIM - Overcast,74.21,84.82,74.15,0,,,
2026-03-02 23:15:52.620556,sky_NORTS_0000000090139.jpg,20,,79.09,☁️ DIM - Overcast,72.75,83.62,72.45,0,,,
2026-03-02 23:15:47.981818,sky_NORTS_0000000080117.jpg,15,,72.72,☁️ DIM - Overcast,66.68,76.81,67.58,0,,,
2026-03-02 23:15:42.562363,sky_NORTS_0000000070095.jpg,15,,74.27,☁️ DIM - Overcast,68.38,78.32,68.84,0,,,
2026-03-02 23:15:32.942065,sky_NORTS_0000000060072.jpg,22,,87.22,☁️ DIM - Overcast,100.37,90.56,35.36,0,,,
2026-03-02 23:15:21,sky_20260302_231521.jpg,23,,95.66,☁️ DIM - Overcast,90.06,99.22,92.25,0,,,
2026-03-02 20:07:29,sky_20260302_200729.jpg,14,,66.59,☁️ DIM - Overcast,62.66,69.17,64.11,0,,,
2026-03-02 20:07:18,sky_20260302_200718.jpg,14,,66.6,☁️ DIM - Overcast,62.61,69.2,64.21,0,,,
2026-03-02 20:07:08,sky_20260302_200708.jpg,14,,66.18,☁️ DIM - Overcast,62.19,68.76,63.92,0,,,
2026-03-02 20:07:03,sky_20260302_200703.jpg,15,,73.37,☁️ DIM - Overcast,69.66,75.88,70.76,0,,,
2026-03-02 20:06:48,sky_20260302_200648.jpg,14,,67.95,☁️ DIM - Overcast,63.99,70.57,65.35,0,,,
2026-03-02 20:06:39.386701,sky_NORTS_0000000140729.jpg,17,,65.38,☁️ DIM - Overcast,58.1,69.72,62.71,0,,,
2026-03-02 20:06:39,sky_20260302_200639.jpg,14,,67.6,☁️ DIM - Overcast,63.53,70.2,65.41,0,,,
2026-03-02 20:06:38.438838,sky_NORTS_0000000130707.jpg,20,,77.43,☁️ DIM - Overcast,70.74,82.05,71.63,0,,,
2026-03-02 20:05:19,sky_20260302_200519.jpg,20,,77.64,☁️ DIM - Overcast,70.98,82.33,71.62,0,,,
2026-03-02 20:05:17,sky_20260302_200517.jpg,20,,77.79,☁️ DIM - Overcast,71.34,82.33,71.92,0,,,
2026-03-02 20:05:09,sky_20260302_200509.jpg,19,,74.59,☁️ DIM - Overcast,67.91,79.08,69.64,0,,,
2026-03-02 20:05:08,sky_20260302_200508.jpg,19,,74.73,☁️ DIM - Overcast,67.9,79.34,69.49,0,,,
2026-03-02 20:04:59,sky_20260302_200459.jpg,19,,74.72,☁️ DIM - Overcast,67.89,79.38,69.16,0,,,
2026-03-02 20:04:58,sky_20260302_200458.jpg,19,,74.81,☁️ DIM - Overcast,67.83,79.56,69.2,0,,,
2026-03-02 20:04:53,sky_20260302_200453.jpg,19,,74.69,☁️ DIM - Overcast,67.69,79.4,69.32,0,,,
2026-03-02 20:04:48,sky_20260302_200448.jpg,20,,77.95,☁️ DIM - Overcast,71.37,82.04,74.77,0,,,
2026-03-02 20:04:43,sky_20260302_200443.jpg,20,,78.15,☁️ DIM - Overcast,71.43,82.31,74.97,0,,,
2026-03-02 20:04:38,sky_20260302_200438.jpg,19,,74.13,☁️ DIM - Overcast,67.46,78.04,72.12,0,,,
2026-03-02 20:04:29,sky_20260302_200429.jpg,15,,73.89,☁️ DIM - Overcast,67.58,77.61,71.88,0,,,
2026-03-02 20:04:28,sky_20260302_200428.jpg,19,,73.09,☁️ DIM - Overcast,66.99,76.78,70.68,0,,,
2026-03-02 20:04:19,sky_20260302_200419.jpg,14,,70.99,☁️ DIM - Overcast,64.77,74.66,68.94,0,,,
2026-03-02 20:04:18,sky_20260302_200418.jpg,18,,69.78,☁️ DIM - Overcast,63.38,73.5,67.97,0,,,
2026-03-02 20:04:15.280775,sky_NORTS_0000000090080.jpg,18,,68.81,☁️ DIM - Overcast,63.89,72.23,64.53,0,,,
2026-03-02 20:04:15,sky_20260302_200415.jpg,8,,42.01,🌙 DARK - Night/storm,40.3,47.6,17.95,0,,,
2026-03-02 20:04:14.445603,sky_NORTS_0000000080058.jpg,14,,65.75,☁️ DIM - Overcast,60.2,69.05,63.96,0,,,
2026-03-02 20:04:13.518403,sky_NORTS_0000000070036.jpg,16,,80.44,☁️ DIM - Overcast,75.14,83.14,80.81,0,,,
2026-03-02 20:04:12.686852,sky_NORTS_0000000060016.jpg,7,,37.0,🌙 DARK - Night/storm,36.6,40.58,19.74,0,,,
2026-03-02 19:54:57,sky_20260302_195457.jpg,14,,71.2,☁️ DIM - Overcast,65.05,75.28,66.86,0,,,
2026-03-02 19:54:47,sky_20260302_195447.jpg,18,,70.92,☁️ DIM - Overcast,64.61,75.06,66.72,0,,,
2026-03-02 19:54:37,sky_20260302_195437.jpg,20,,77.11,☁️ DIM - Overcast,71.0,81.33,71.89,0,,,
2026-03-02 19:54:27,sky_20260302_195427.jpg,19,,74.19,☁️ DIM - Overcast,67.77,78.5,69.43,0,,,
2026-03-02 19:54:17,sky_20260302_195417.jpg,19,,74.75,☁️ DIM - Overcast,68.05,79.23,69.83,0,,,
2026-03-02 19:54:07,sky_20260302_195407.jpg,19,,74.48,☁️ DIM - Overcast,67.73,78.95,69.74,0,,,
2026-03-02 19:53:57,sky_20260302_195357.jpg,18,,71.24,☁️ DIM - Overcast,65.44,75.08,67.26,0,,,
2026-03-02 19:53:47,sky_20260302_195347.jpg,14,,70.44,☁️ DIM - Overcast,64.58,74.34,66.31,0,,,
2026-03-02 19:53:37,sky_20260302_195337.jpg,18,,70.05,☁️ DIM - Overcast,64.22,73.88,66.17,0,,,
2026-03-02 19:53:27,sky_20260302_195327.jpg,18,,66.69,☁️ DIM - Overcast,60.98,70.4,63.07,0,,,
2026-03-02 19:53:17,sky_20260302_195317.jpg,14,,66.73,☁️ DIM - Overcast,60.94,70.5,62.97,0,,,
2026-03-01 22:23:42,sky_20260301_222342.jpg,17,,86.06,☁️ DIM - Overcast,81.59,88.84,83.85,0,,,
2026-03-01 22:23:36,sky_20260301_222336.jpg,17,,87.08,☁️ DIM - Overcast,82.84,89.71,85.01,0,,,
2026-03-01 22:23:26,sky_20260301_222326.jpg,17,,86.93,☁️ DIM - Overcast,82.53,89.65,84.76,0,,,
2026-03-01 22:23:10,sky_20260301_222310.jpg,17,,88.24,☁️ DIM - Overcast,84.15,90.87,85.86,0,,,
2026-03-01 22:22:55,sky_20260301_222255.jpg,17,,89.19,☁️ DIM - Overcast,84.97,91.92,86.55,0,,,
2026-03-01 22:22:46,sky_20260301_222246.jpg,17,,86.39,☁️ DIM - Overcast,82.18,89.02,84.16,0,,,
2026-03-01 22:22:36,sky_20260301_222236.jpg,17,,85.75,☁️ DIM - Overcast,81.67,88.32,83.57,0,,,
2026-03-01 22:22:29,sky_20260301_222229.jpg,17,,85.55,☁️ DIM - Overcast,81.52,87.97,83.91,0,,,
2026-03-01 22:22:16,sky_20260301_222216.jpg,17,,88.02,☁️ DIM - Overcast,84.07,90.59,85.53,0,,,
2026-03-01 22:22:06,sky_20260301_222206.jpg,17,,87.8,☁️ DIM - Overcast,83.65,90.5,85.1,0,,,
2026-03-01 22:21:56,sky_20260301_222156.jpg,17,,87.85,☁️ DIM - Overcast,83.75,90.51,85.3,0,,,
2026-03-01 22:21:47,sky_20260301_222147.jpg,17,,89.06,☁️ DIM - Overcast,84.59,91.93,86.33,0,,,
2026-03-01 22:21:37,sky_20260301_222137.jpg,22,,86.79,☁️ DIM - Overcast,82.8,89.34,84.45,0,,,
2026-03-01 22:21:26,sky_20260301_222126.jpg,17,,87.57,☁️ DIM - Overcast,83.79,90.01,85.27,0,,,
2026-03-01 22:21:18,sky_20260301_222118.jpg,17,,86.67,☁️ DIM - Overcast,82.77,89.13,84.61,0,,,
2026-03-01 22:21:10,sky_20260301_222110.jpg,17,,85.39,☁️ DIM - Overcast,81.59,87.72,83.63,0,,,
2026-03-01 22:20:55,sky_20260301_222055.jpg,17,,86.09,☁️ DIM - Overcast,82.52,88.39,83.92,0,,,
2026-03-01 22:20:45,sky_20260301_222045.jpg,17,,87.42,☁️ DIM - Overcast,83.74,89.86,84.87,0,,,
2026-03-01 22:20:36,sky_20260301_222036.jpg,17,,88.14,☁️ DIM - Overcast,84.26,90.61,85.96,0,,,
2026-03-01 22:20:26,sky_20260301_222026.jpg,17,,88.55,☁️ DIM - Overcast,84.93,90.93,86.15,0,,,
2026-03-01 22:20:15,sky_20260301_222015.jpg,18,,95.05,☁️ DIM - Overcast,88.78,99.27,90.48,0,,,
2026-03-01 22:20:05,sky_20260301_222005.jpg,23,,96.39,☁️ DIM - Overcast,91.12,100.2,91.06,0,,,
2026-03-01 22:19:55,sky_20260301_221955.jpg,23,,95.07,☁️ DIM - Overcast,89.85,98.78,90.16,0,,,
2026-03-01 22:19:45,sky_20260301_221945.jpg,24,,97.81,☁️ DIM - Overcast,92.82,101.52,92.35,0,,,
2026-03-01 22:19:36,sky_20260301_221936.jpg,24,,97.69,☁️ DIM - Overcast,92.69,101.45,91.94,0,,,
2026-03-01 22:19:25,sky_20260301_221925.jpg,24,,97.54,☁️ DIM - Overcast,92.36,101.44,91.61,0,,,
2026-03-01 22:19:15,sky_20260301_221915.jpg,24,,97.14,☁️ DIM - Overcast,92.02,100.89,91.74,0,,,
2026-03-01 22:19:06,sky_20260301_221906.jpg,24,,97.47,☁️ DIM - Overcast,92.14,101.38,91.88,0,,,
2026-03-01 22:18:56,sky_20260301_221856.jpg,23,,96.78,☁️ DIM - Overcast,91.65,100.65,90.78,0,,,
2026-03-01 22:18:45,sky_20260301_221845.jpg,23,,96.11,☁️ DIM - Overcast,90.93,99.93,90.65,0,,,
2026-03-01 22:18:37,sky_20260301_221837.jpg,23,,95.5,☁️ DIM - Overcast,90.38,99.21,90.39,0,,,
2026-03-01 22:18:28,sky_20260301_221828.jpg,23,,93.98,☁️ DIM - Overcast,88.92,97.61,89.07,0,,,
2026-03-01 22:18:16,sky_20260301_221816.jpg,24,,99.04,☁️ DIM - Overcast,93.67,102.97,93.41,0,,,
2026-03-01 22:18:06,sky_20260301_221806.jpg,24,,101.63,⛅ MODERATE - Cloudy,96.46,105.47,96.03,0,,,
2026-03-01 22:17:56,sky_20260301_221756.jpg,23,,94.05,☁️ DIM - Overcast,89.07,97.51,89.89,0,,,
2026-03-01 22:17:46,sky_20260301_221746.jpg,23,,92.95,☁️ DIM - Overcast,87.78,96.46,88.99,0,,,
2026-03-01 22:17:35,sky_20260301_221735.jpg,21,,86.08,☁️ DIM - Overcast,78.79,91.12,79.54,0,,,
2026-03-01 22:17:25,sky_20260301_221725.jpg,10,,51.33,🌙 DARK - Night/storm,51.67,56.61,23.42,0,,,
2026-03-01 19:36:58,sky_20260301_193658.jpg,15,,75.27,☁️ DIM - Overcast,71.07,77.88,73.16,0,,,
2026-03-01 19:36:48,sky_20260301_193648.jpg,15,,74.32,☁️ DIM - Overcast,69.78,77.14,72.18,0,,,
2026-03-01 19:36:38,sky_20260301_193638.jpg,15,,74.47,☁️ DIM - Overcast,70.49,76.99,72.29,0,,,
2026-03-01 19:36:28,sky_20260301_193628.jpg,15,,75.15,☁️ DIM - Overcast,71.21,77.59,73.27,0,,,
2026-03-01 19:36:18,sky_20260301_193618.jpg,15,,75.84,☁️ DIM - Overcast,71.56,78.52,73.72,0,,,
2026-03-01 19:36:08,sky_20260301_193608.jpg,15,,74.89,☁️ DIM - Overcast,70.98,77.31,73.02,0,,,
2026-03-01 19:35:58,sky_20260301_193558.jpg,15,,74.77,☁️ DIM - Overcast,70.66,77.31,72.87,0,,,
2026-03-01 19:35:49,sky_20260301_193549.jpg,15,,76.49,☁️ DIM - Overcast,72.69,78.88,74.52,0,,,
2026-03-01 19:35:38,sky_20260301_193538.jpg,15,,76.47,☁️ DIM - Overcast,72.4,79.05,74.26,0,,,
2026-03-01 19:35:28,sky_20260301_193528.jpg,15,,76.08,☁️ DIM - Overcast,71.65,78.79,74.11,0,,,
2026-03-01 19:35:18,sky_20260301_193518.jpg,16,,76.94,☁️ DIM - Overcast,72.85,79.49,74.95,0,,,
2026-03-01 19:35:08,sky_20260301_193508.jpg,17,,84.46,☁️ DIM - Overcast,80.49,87.17,81.32,0,,,
2026-03-01 19:34:58,sky_20260301_193458.jpg,16,,78.42,☁️ DIM - Overcast,74.45,80.98,76.09,0,,,
2026-03-01 19:34:48,sky_20260301_193448.jpg,16,,77.8,☁️ DIM - Overcast,73.61,80.38,75.9,0,,,
2026-03-01 19:34:38,sky_20260301_193438.jpg,17,,85.1,☁️ DIM - Overcast,81.46,87.58,82.32,0,,,
2026-03-01 19:34:29,sky_20260301_193429.jpg,21,,85.09,☁️ DIM - Overcast,80.99,87.89,81.91,0,,,
2026-03-01 19:34:18,sky_20260301_193418.jpg,16,,78.49,☁️ DIM - Overcast,74.31,81.12,76.42,0,,,
2026-03-01 19:34:08,sky_20260301_193408.jpg,15,,75.94,☁️ DIM - Overcast,71.65,78.52,74.29,0,,,
2026-03-01 19:33:58,sky_20260301_193358.jpg,16,,76.71,☁️ DIM - Overcast,72.1,79.49,74.85,0,,,
2026-03-01 19:33:48,sky_20260301_193348.jpg,16,,76.58,☁️ DIM - Overcast,71.92,79.41,74.68,0,,,
2026-03-01 19:33:38,sky_20260301_193338.jpg,15,,76.38,☁️ DIM - Overcast,71.88,79.08,74.67,0,,,
2026-03-01 19:33:28,sky_20260301_193328.jpg,16,,77.34,☁️ DIM - Overcast,72.71,80.07,75.84,0,,,
2026-03-01 19:33:18,sky_20260301_193318.jpg,20,,78.13,☁️ DIM - Overcast,71.33,82.57,73.7,0,,,
2026-03-01 19:33:08,sky_20260301_193308.jpg,20,,79.22,☁️ DIM - Overcast,72.45,83.64,74.7,0,,,
2026-03-01 19:32:58,sky_20260301_193258.jpg,20,,80.04,☁️ DIM - Overcast,73.44,84.45,75.26,0,,,
2026-03-01 19:32:48,sky_20260301_193248.jpg,20,,78.89,☁️ DIM - Overcast,72.18,83.31,74.35,0,,,
2026-03-01 19:32:38,sky_20260301_193238.jpg,20,,79.78,☁️ DIM - Overcast,72.81,84.38,74.95,0,,,
2026-03-01 19:32:28,sky_20260301_193228.jpg,20,,78.58,☁️ DIM - Overcast,72.23,82.84,73.98,0,,,
2026-03-01 19:32:18,sky_20260301_193218.jpg,20,,78.97,☁️ DIM - Overcast,72.26,83.47,74.01,0,,,
2026-03-01 19:32:08,sky_20260301_193208.jpg,20,,77.59,☁️ DIM - Overcast,70.98,82.05,72.52,0,,,
2026-03-01 19:31:58,sky_20260301_193158.jpg,20,,76.69,☁️ DIM - Overcast,70.04,81.05,72.32,0,,,
2026-03-01 19:31:48,sky_20260301_193148.jpg,20,,78.9,☁️ DIM - Overcast,72.34,83.21,74.5,0,,,
2026-03-01 19:31:38,sky_20260301_193138.jpg,20,,78.65,☁️ DIM - Overcast,72.34,82.82,74.3,0,,,
2026-03-01 19:31:28,sky_20260301_193128.jpg,20,,78.69,☁️ DIM - Overcast,72.09,83.12,73.75,0,,,
2026-03-01 19:31:18,sky_20260301_193118.jpg,20,,77.41,☁️ DIM - Overcast,71.08,81.6,73.06,0,,,
2026-03-01 19:31:08,sky_20260301_193108.jpg,20,,77.01,☁️ DIM - Overcast,70.52,81.31,72.6,0,,,
2026-03-01 19:30:58,sky_20260301_193058.jpg,20,,79.55,☁️ DIM - Overcast,72.97,83.87,75.17,0,,,
2026-03-01 19:30:48,sky_20260301_193048.jpg,20,,81.31,☁️ DIM - Overcast,74.72,85.67,76.67,0,,,
2026-03-01 19:30:39,sky_20260301_193039.jpg,21,,86.46,☁️ DIM - Overcast,80.34,90.77,80.94,0,,,
2026-03-01 19:30:28,sky_20260301_193028.jpg,21,,81.95,☁️ DIM - Overcast,75.36,86.26,77.63,0,,,
2026-03-01 19:30:18,sky_20260301_193018.jpg,21,,81.65,☁️ DIM - Overcast,74.9,86.11,77.07,0,,,
2026-03-01 19:30:08,sky_20260301_193008.jpg,21,,81.81,☁️ DIM - Overcast,74.85,86.41,76.91,0,,,
2026-03-01 19:29:58,sky_20260301_192958.jpg,21,,82.62,☁️ DIM - Overcast,75.87,87.25,76.97,0,,,
2026-03-01 19:29:48,sky_20260301_192948.jpg,20,,80.71,☁️ DIM - Overcast,73.46,85.17,77.36,0,,,
2026-03-01 19:24:14,sky_20260301_192414.jpg,22,,87.02,☁️ DIM - Overcast,80.27,91.99,79.56,0,,,
2026-03-01 19:24:06,sky_20260301_192406.jpg,20,,77.92,☁️ DIM - Overcast,70.91,82.37,73.96,0,,,
2026-03-01 19:23:57,sky_20260301_192357.jpg,20,,78.61,☁️ DIM - Overcast,71.71,83.03,74.59,0,,,
2026-03-01 19:23:44,sky_20260301_192344.jpg,20,,76.87,☁️ DIM - Overcast,69.94,81.65,70.89,0,,,
2026-03-01 19:23:34,sky_20260301_192334.jpg,20,,80.58,☁️ DIM - Overcast,73.87,85.32,74.26,0,,,
2026-03-01 19:23:24,sky_20260301_192324.jpg,20,,81.26,☁️ DIM - Overcast,75.05,85.72,75.08,0,,,
2026-03-01 19:23:14,sky_20260301_192314.jpg,20,,79.95,☁️ DIM - Overcast,73.65,84.38,74.17,0,,,
2026-03-01 19:23:04,sky_20260301_192304.jpg,20,,79.84,☁️ DIM - Overcast,73.62,84.25,73.81,0,,,
2026-03-01 19:22:54,sky_20260301_192254.jpg,19,,73.18,☁️ DIM - Overcast,67.03,77.51,67.52,0,,,
2026-03-01 19:22:46,sky_20260301_192246.jpg,19,,73.74,☁️ DIM - Overcast,67.68,78.09,67.66,0,,,
2026-03-01 19:22:36,sky_20260301_192236.jpg,19,,74.18,☁️ DIM - Overcast,67.64,78.7,68.74,0,,,
2026-03-01 19:22:26,sky_20260301_192226.jpg,19,,74.12,☁️ DIM - Overcast,67.39,78.75,68.44,0,,,
2026-03-01 19:22:16,sky_20260301_192216.jpg,19,,75.77,☁️ DIM - Overcast,69.22,80.25,70.47,0,,,
2026-03-01 19:22:06,sky_20260301_192206.jpg,19,,75.08,☁️ DIM - Overcast,68.38,79.68,69.57,0,,,
2026-03-01 19:21:56,sky_20260301_192156.jpg,19,,75.1,☁️ DIM - Overcast,68.7,79.58,69.47,0,,,
2026-03-01 19:21:46,sky_20260301_192146.jpg,19,,74.74,☁️ DIM - Overcast,68.01,79.44,68.71,0,,,
2026-03-01 19:21:36,sky_20260301_192136.jpg,19,,74.68,☁️ DIM - Overcast,68.31,79.17,68.92,0,,,
2026-03-01 19:21:26,sky_20260301_192126.jpg,19,,73.46,☁️ DIM - Overcast,67.2,77.95,67.24,0,,,
2026-03-01 19:21:16,sky_20260301_192116.jpg,19,,73.23,☁️ DIM - Overcast,66.92,77.71,67.16,0,,,
2026-03-01 19:21:06,sky_20260301_192106.jpg,15,,72.73,☁️ DIM - Overcast,66.92,76.83,67.41,0,,,
2026-03-01 19:20:56,sky_20260301_192056.jpg,19,,74.47,☁️ DIM - Overcast,68.14,78.92,68.72,0,,,
2026-03-01 19:20:46,sky_20260301_192046.jpg,19,,74.37,☁️ DIM - Overcast,67.44,79.16,68.47,0,,,
2026-03-01 19:20:36,sky_20260301_192036.jpg,19,,76.39,☁️ DIM - Overcast,69.85,80.92,70.8,0,,,
2026-03-01 19:20:26,sky_20260301_192026.jpg,16,,79.35,☁️ DIM - Overcast,72.38,84.07,73.99,0,,,
2026-03-01 19:20:16,sky_20260301_192016.jpg,20,,77.58,☁️ DIM - Overcast,70.75,82.31,71.75,0,,,
2026-03-01 19:20:06,sky_20260301_192006.jpg,20,,79.22,☁️ DIM - Overcast,72.56,83.86,73.34,0,,,
2026-03-01 19:19:56,sky_20260301_191956.jpg,20,,79.56,☁️ DIM - Overcast,73.06,84.1,73.77,0,,,
2026-03-01 19:19:46,sky_20260301_191946.jpg,20,,80.41,☁️ DIM - Overcast,73.76,84.97,74.86,0,,,
2026-03-01 19:19:36,sky_20260301_191936.jpg,20,,78.94,☁️ DIM - Overcast,71.94,83.72,73.28,0,,,
2026-03-01 19:19:26,sky_20260301_191926.jpg,20,,79.71,☁️ DIM - Overcast,72.71,84.53,73.8,0,,,
2026-03-01 19:19:16,sky_20260301_191916.jpg,20,,80.7,☁️ DIM - Overcast,73.84,85.47,74.69,0,,,
2026-03-01 19:19:06,sky_20260301_191906.jpg,20,,80.59,☁️ DIM - Overcast,73.9,85.21,74.76,0,,,
2026-03-01 19:18:56,sky_20260301_191856.jpg,20,,79.99,☁️ DIM - Overcast,73.49,84.46,74.55,0,,,
2026-03-01 19:18:46,sky_20260301_191846.jpg,20,,79.08,☁️ DIM - Overcast,72.07,83.86,73.35,0,,,
2026-03-01 19:18:36,sky_20260301_191836.jpg,20,,79.05,☁️ DIM - Overcast,72.07,83.75,73.67,0,,,
2026-03-01 19:18:26,sky_20260301_191826.jpg,20,,78.68,☁️ DIM - Overcast,71.95,83.34,72.8,0,,,
2026-03-01 19:18:16,sky_20260301_191816.jpg,20,,80.06,☁️ DIM - Overcast,72.95,84.92,74.29,0,,,
2026-03-01 19:18:06,sky_20260301_191806.jpg,21,,83.69,☁️ DIM - Overcast,76.55,88.58,77.92,0,,,
2026-03-01 19:17:56,sky_20260301_191756.jpg,20,,78.74,☁️ DIM - Overcast,71.72,83.09,75.49,0,,,
2026-03-01 19:17:46,sky_20260301_191746.jpg,19,,75.23,☁️ DIM - Overcast,68.44,79.35,72.57,0,,,
2026-03-01 19:17:36,sky_20260301_191736.jpg,20,,78.1,☁️ DIM - Overcast,71.06,82.34,75.48,0,,,
2026-03-01 19:17:26,sky_20260301_191726.jpg,20,,77.55,☁️ DIM - Overcast,70.87,81.68,74.62,0,,,
2026-03-01 19:17:16,sky_20260301_191716.jpg,20,,77.14,☁️ DIM - Overcast,70.41,81.25,74.33,0,,,
2026-03-01 19:17:06,sky_20260301_191706.jpg,19,,76.29,☁️ DIM - Overcast,69.52,80.43,73.38,0,,,
2026-03-01 19:16:56,sky_20260301_191656.jpg,19,,75.22,☁️ DIM - Overcast,68.73,79.16,72.61,0,,,
2026-03-01 19:16:46,sky_20260301_191646.jpg,19,,75.33,☁️ DIM - Overcast,68.88,79.29,72.48,0,,,
2026-03-01 19:16:36,sky_20260301_191636.jpg,20,,78.76,☁️ DIM - Overcast,72.52,82.6,76.06,0,,,
2026-03-01 19:16:26,sky_20260301_191626.jpg,15,,74.29,☁️ DIM - Overcast,67.76,78.26,71.64,0,,,
2026-03-01 19:16:16,sky_20260301_191616.jpg,20,,79.1,☁️ DIM - Overcast,72.56,83.1,76.33,0,,,
2026-03-01 19:16:06,sky_20260301_191606.jpg,15,,75.29,☁️ DIM - Overcast,68.76,79.25,72.67,0,,,
2026-03-01 19:15:56,sky_20260301_191556.jpg,20,,77.84,☁️ DIM - Overcast,71.3,81.84,75.04,0,,,
2026-03-01 19:15:46,sky_20260301_191546.jpg,20,,80.2,☁️ DIM - Overcast,74.09,84.08,77.03,0,,,
2026-03-01 19:15:36,sky_20260301_191536.jpg,20,,78.53,☁️ DIM - Overcast,71.52,82.78,75.7,0,,,
2026-03-01 19:15:26,sky_20260301_191526.jpg,20,,77.81,☁️ DIM - Overcast,71.18,81.76,75.51,0,,,
2026-03-01 19:15:16,sky_20260301_191516.jpg,20,,79.51,☁️ DIM - Overcast,72.57,83.76,76.52,0,,,
2026-03-01 19:15:06,sky_20260301_191506.jpg,20,,79.59,☁️ DIM - Overcast,72.76,83.74,76.85,0,,,
2026-03-01 19:14:56,sky_20260301_191456.jpg,20,,80.16,☁️ DIM - Overcast,73.34,84.32,77.43,0,,,
2026-03-01 19:14:46,sky_20260301_191446.jpg,16,,80.35,☁️ DIM - Overcast,73.56,84.5,77.49,0,,,
2026-03-01 19:14:36,sky_20260301_191436.jpg,20,,80.36,☁️ DIM - Overcast,73.48,84.56,77.53,0,,,
2026-03-01 19:14:26,sky_20260301_191426.jpg,20,,80.56,☁️ DIM - Overcast,73.79,84.71,77.69,0,,,
2026-03-01 19:14:16,sky_20260301_191416.jpg,20,,79.54,☁️ DIM - Overcast,72.67,83.73,76.67,0,,,
2026-03-01 19:14:06,sky_20260301_191406.jpg,20,,79.48,☁️ DIM - Overcast,72.88,83.47,76.9,0,,,
2026-03-01 19:13:56,sky_20260301_191356.jpg,20,,78.81,☁️ DIM - Overcast,72.02,82.95,76.1,0,,,
2026-03-01 19:13:46,sky_20260301_191346.jpg,16,,79.13,☁️ DIM - Overcast,72.36,83.25,76.38,0,,,
2026-03-01 19:13:36,sky_20260301_191336.jpg,21,,82.13,☁️ DIM - Overcast,75.18,86.46,78.73,0,,,
2026-03-01 19:13:26,sky_20260301_191326.jpg,21,,84.42,☁️ DIM - Overcast,77.51,88.74,81.02,0,,,
2026-03-01 19:13:16,sky_20260301_191316.jpg,21,,81.76,☁️ DIM - Overcast,74.73,86.07,78.76,0,,,
2026-03-01 19:13:06,sky_20260301_191306.jpg,20,,81.59,☁️ DIM - Overcast,74.41,85.96,78.72,0,,,
2026-03-01 19:12:56,sky_20260301_191256.jpg,20,,80.89,☁️ DIM - Overcast,74.14,84.99,78.22,0,,,
2026-03-01 19:12:46,sky_20260301_191246.jpg,21,,82.15,☁️ DIM - Overcast,75.14,86.45,79.14,0,,,
2026-03-01 19:12:36,sky_20260301_191236.jpg,21,,83.23,☁️ DIM - Overcast,76.44,87.43,80.15,0,,,
2026-03-01 19:12:26,sky_20260301_191226.jpg,21,,84.31,☁️ DIM - Overcast,77.53,88.44,81.51,0,,,
2026-03-01 19:12:16,sky_20260301_191216.jpg,20,,78.32,☁️ DIM - Overcast,71.39,82.57,75.43,0,,,
2026-03-01 19:12:06,sky_20260301_191206.jpg,20,,77.96,☁️ DIM - Overcast,78.45,86.84,30.94,0,,,
2026-02-20 17:32:02,sky_20260220_173202.jpg,24,,91.83,☁️ DIM - Overcast,86.79,96.72,80.18,0,,,
2026-02-20 17:31:52,sky_20260220_173152.jpg,24,,91.21,☁️ DIM - Overcast,86.16,95.96,80.16,0,,,
2026-02-20 17:31:42,sky_20260220_173142.jpg,24,,90.98,☁️ DIM - Overcast,85.77,95.79,80.06,0,,,
2026-02-20 17:31:32,sky_20260220_173132.jpg,24,,91.83,☁️ DIM - Overcast,86.79,96.5,81.1,0,,,
2026-02-20 17:31:22,sky_20260220_173122.jpg,9,,50.98,🌙 DARK - Night/storm,48.19,55.61,34.46,0,,,
2026-02-20 17:30:42,sky_20260220_173042.jpg,22,,90.55,☁️ DIM - Overcast,86.51,94.05,82.9,0,,,
2026-02-20 17:30:32,sky_20260220_173032.jpg,22,,91.27,☁️ DIM - Overcast,87.08,94.79,83.83,0,,,
2026-02-20 17:30:22,sky_20260220_173022.jpg,26,,98.2,☁️ DIM - Overcast,95.07,102.13,86.06,0,,,
2026-02-20 17:29:44,sky_20260220_172944.jpg,24,,99.56,☁️ DIM - Overcast,98.78,101.62,90.79,0,,,
2026-02-20 17:29:34,sky_20260220_172934.jpg,24,,99.67,☁️ DIM - Overcast,98.69,101.77,91.12,0,,,
2026-02-20 17:29:24,sky_20260220_172924.jpg,24,,100.73,⛅ MODERATE - Cloudy,99.51,103.0,92.05,0,,,
2026-02-20 17:29:14,sky_20260220_172914.jpg,24,,100.47,⛅ MODERATE - Cloudy,99.12,102.75,92.09,0,,,
2026-02-20 17:29:04,sky_20260220_172904.jpg,27,,101.89,⛅ MODERATE - Cloudy,100.53,104.99,89.29,0,,,
2026-02-20 17:28:54,sky_20260220_172854.jpg,27,,102.6,⛅ MODERATE - Cloudy,101.16,105.78,89.89,0,,,
2026-02-20 17:28:44,sky_20260220_172844.jpg,27,,103.23,⛅ MODERATE - Cloudy,101.7,106.47,90.47,0,,,
2026-02-20 17:28:34,sky_20260220_172834.jpg,25,,102.6,⛅ MODERATE - Cloudy,100.98,105.7,90.72,0,,,
2026-02-20 17:28:24,sky_20260220_172824.jpg,25,,103.21,⛅ MODERATE - Cloudy,101.74,106.19,91.58,0,,,
2026-02-20 17:28:14,sky_20260220_172814.jpg,24,,98.78,☁️ DIM - Overcast,95.88,102.15,88.97,0,,,
2026-02-20 17:28:04,sky_20260220_172804.jpg,24,,99.46,☁️ DIM - Overcast,99.26,101.68,88.6,0,,,
2026-02-20 17:27:54,sky_20260220_172754.jpg,24,,100.5,⛅ MODERATE - Cloudy,100.24,102.77,89.52,0,,,
2026-02-20 17:27:22,sky_20260220_172722.jpg,25,,103.3,⛅ MODERATE - Cloudy,103.22,105.32,93.17,0,,,
2026-02-20 17:27:12,sky_20260220_172712.jpg,25,,103.63,⛅ MODERATE - Cloudy,103.37,105.76,93.43,0,,,
2026-02-20 17:27:02,sky_20260220_172702.jpg,25,,104.43,⛅ MODERATE - Cloudy,104.29,106.45,94.43,0,,,
2026-02-20 17:26:52,sky_20260220_172652.jpg,26,,105.13,⛅ MODERATE - Cloudy,104.81,107.23,95.2,0,,,
2026-02-20 17:26:42,sky_20260220_172642.jpg,26,,105.61,⛅ MODERATE - Cloudy,105.27,107.68,95.79,0,,,
2026-02-20 17:26:32,sky_20260220_172632.jpg,26,,106.08,⛅ MODERATE - Cloudy,105.56,108.2,96.49,0,,,
2026-02-20 17:26:22,sky_20260220_172622.jpg,26,,106.61,⛅ MODERATE - Cloudy,106.06,108.75,97.09,0,,,
2026-02-20 17:26:12,sky_20260220_172612.jpg,27,,107.22,⛅ MODERATE - Cloudy,106.81,109.25,97.84,0,,,
2026-02-20 17:26:02,sky_20260220_172602.jpg,27,,107.45,⛅ MODERATE - Cloudy,106.76,109.6,98.18,0,,,
2026-02-20 17:25:52,sky_20260220_172552.jpg,27,,107.31,⛅ MODERATE - Cloudy,106.71,109.43,97.96,0,,,
2026-02-20 17:25:42,sky_20260220_172542.jpg,27,,107.68,⛅ MODERATE - Cloudy,106.98,109.87,98.24,0,,,
2026-02-20 17:25:32,sky_20260220_172532.jpg,27,,108.16,⛅ MODERATE - Cloudy,107.38,110.41,98.61,0,,,
2026-02-20 17:25:22,sky_20260220_172522.jpg,27,,108.45,⛅ MODERATE - Cloudy,107.75,110.6,99.16,0,,,
2026-02-20 17:25:12,sky_20260220_172512.jpg,27,,108.19,⛅ MODERATE - Cloudy,107.41,110.45,98.53,0,,,
2026-02-20 17:25:02,sky_20260220_172502.jpg,27,,108.43,⛅ MODERATE - Cloudy,107.48,110.8,98.67,0,,,
2026-02-20 17:24:52,sky_20260220_172452.jpg,27,,109.09,⛅ MODERATE - Cloudy,108.09,111.49,99.32,0,,,
2026-02-20 17:24:42,sky_20260220_172442.jpg,27,,109.7,⛅ MODERATE - Cloudy,108.64,112.13,99.97,0,,,
2026-02-20 17:24:32,sky_20260220_172432.jpg,27,,109.73,⛅ MODERATE - Cloudy,108.7,112.11,100.19,0,,,
2026-02-20 17:24:22,sky_20260220_172422.jpg,27,,108.57,⛅ MODERATE - Cloudy,107.59,111.09,98.22,0,,,
2026-02-20 17:23:36,sky_20260220_172336.jpg,26,,106.67,⛅ MODERATE - Cloudy,103.61,110.0,97.4,0,,,
2026-02-20 17:23:26,sky_20260220_172326.jpg,27,,107.37,⛅ MODERATE - Cloudy,104.18,110.64,98.67,0,,,
2026-02-20 17:23:16,sky_20260220_172316.jpg,27,,108.06,⛅ MODERATE - Cloudy,105.0,111.38,98.85,0,,,
2026-02-20 17:23:06,sky_20260220_172306.jpg,27,,107.96,⛅ MODERATE - Cloudy,104.76,111.32,98.97,0,,,
2026-02-20 17:22:56,sky_20260220_172256.jpg,26,,106.79,⛅ MODERATE - Cloudy,103.7,110.13,97.62,0,,,
2026-02-20 17:22:46,sky_20260220_172246.jpg,26,,105.56,⛅ MODERATE - Cloudy,102.73,108.76,96.41,0,,,
2026-02-20 17:22:36,sky_20260220_172236.jpg,26,,104.93,⛅ MODERATE - Cloudy,102.21,107.98,96.19,0,,,
2026-02-20 17:22:26,sky_20260220_172226.jpg,26,,105.38,⛅ MODERATE - Cloudy,102.56,108.54,96.36,0,,,
2026-02-20 17:22:16,sky_20260220_172216.jpg,26,,105.17,⛅ MODERATE - Cloudy,102.23,108.47,95.84,0,,,
2026-02-20 17:22:06,sky_20260220_172206.jpg,26,,105.33,⛅ MODERATE - Cloudy,102.35,108.63,96.11,0,,,
2026-02-20 17:21:56,sky_20260220_172156.jpg,26,,105.62,⛅ MODERATE - Cloudy,102.83,108.97,95.57,0,,,
2026-02-20 17:21:46,sky_20260220_172146.jpg,26,,105.19,⛅ MODERATE - Cloudy,102.53,108.53,94.9,0,,,
2026-02-20 17:21:36,sky_20260220_172136.jpg,25,,104.48,⛅ MODERATE - Cloudy,102.0,107.76,93.99,0,,,
2026-02-20 17:21:26,sky_20260220_172126.jpg,27,,104.45,⛅ MODERATE - Cloudy,102.24,107.87,92.48,0,,,
2026-02-20 17:20:02,sky_20260220_172002.jpg,21,,83.95,☁️ DIM - Overcast,82.0,86.71,74.77,0,,,
2026-02-20 17:19:52,sky_20260220_171952.jpg,21,,83.53,☁️ DIM - Overcast,81.56,86.4,73.85,0,,,
2026-02-20 17:19:42,sky_20260220_171942.jpg,21,,83.46,☁️ DIM - Overcast,81.79,86.29,73.13,0,,,
2026-02-20 17:19:32,sky_20260220_171932.jpg,26,,97.32,☁️ DIM - Overcast,93.8,101.61,84.49,0,,,
2026-02-20 17:19:22,sky_20260220_171922.jpg,21,,83.48,☁️ DIM - Overcast,81.34,86.18,75.13,0,,,
2026-02-20 17:19:12,sky_20260220_171912.jpg,21,,86.3,☁️ DIM - Overcast,85.17,88.4,78.3,0,,,
2026-02-20 17:19:02,sky_20260220_171902.jpg,22,,89.25,☁️ DIM - Overcast,87.13,92.19,79.48,0,,,
2026-02-20 17:18:52,sky_20260220_171852.jpg,22,,88.64,☁️ DIM - Overcast,87.44,91.46,76.99,0,,,
2026-02-20 17:18:42,sky_20260220_171842.jpg,22,,91.63,☁️ DIM - Overcast,90.25,94.53,80.12,0,,,
2026-02-20 17:18:32,sky_20260220_171832.jpg,24,,89.47,☁️ DIM - Overcast,88.34,92.36,77.33,0,,,
2026-02-20 17:18:22,sky_20260220_171822.jpg,22,,88.24,☁️ DIM - Overcast,87.03,91.06,76.72,0,,,
2026-02-20 17:18:12,sky_20260220_171812.jpg,22,,89.96,☁️ DIM - Overcast,88.45,92.94,78.39,0,,,
2026-02-20 17:18:02,sky_20260220_171802.jpg,22,,89.63,☁️ DIM - Overcast,88.21,92.47,78.56,0,,,
2026-02-20 17:17:52,sky_20260220_171752.jpg,22,,90.05,☁️ DIM - Overcast,90.3,91.26,83.19,0,,,
2026-02-20 17:17:42,sky_20260220_171742.jpg,23,,92.43,☁️ DIM - Overcast,90.75,95.42,81.17,0,,,
2026-02-20 17:17:32,sky_20260220_171732.jpg,23,,92.1,☁️ DIM - Overcast,90.26,95.11,81.22,0,,,
2026-02-20 17:17:22,sky_20260220_171722.jpg,23,,92.12,☁️ DIM - Overcast,90.67,94.91,81.39,0,,,
2026-02-20 17:17:12,sky_20260220_171712.jpg,23,,92.58,☁️ DIM - Overcast,91.09,95.37,81.9,0,,,
2026-02-20 17:17:02,sky_20260220_171702.jpg,23,,92.14,☁️ DIM - Overcast,90.65,94.96,81.35,0,,,
2026-02-20 17:16:52,sky_20260220_171652.jpg,23,,93.47,☁️ DIM - Overcast,91.61,96.3,83.57,0,,,
2026-02-20 17:16:42,sky_20260220_171642.jpg,23,,93.34,☁️ DIM - Overcast,91.03,96.27,84.18,0,,,
2026-02-20 17:16:32,sky_20260220_171632.jpg,23,,92.68,☁️ DIM - Overcast,90.87,95.47,82.87,0,,,
2026-02-20 17:16:22,sky_20260220_171622.jpg,23,,94.25,☁️ DIM - Overcast,92.23,97.04,85.13,0,,,
2026-02-20 17:15:37,sky_20260220_171537.jpg,27,,108.48,⛅ MODERATE - Cloudy,107.39,110.26,102.16,0,,,
2026-02-20 17:15:12,sky_20260220_171512.jpg,27,,108.54,⛅ MODERATE - Cloudy,107.64,110.18,102.38,0,,,
2026-02-20 17:15:02,sky_20260220_171502.jpg,27,,107.83,⛅ MODERATE - Cloudy,106.64,109.53,102.17,0,,,
2026-02-20 17:14:52,sky_20260220_171452.jpg,27,,108.14,⛅ MODERATE - Cloudy,106.62,109.96,102.77,0,,,
2026-02-20 17:14:42,sky_20260220_171442.jpg,24,,97.14,☁️ DIM - Overcast,97.67,98.37,89.36,0,,,
2026-02-20 17:14:32,sky_20260220_171432.jpg,25,,103.52,⛅ MODERATE - Cloudy,103.63,104.89,96.1,0,,,
2026-02-20 17:14:22,sky_20260220_171422.jpg,26,,105.2,⛅ MODERATE - Cloudy,104.7,106.79,98.28,0,,,
2026-02-20 17:14:12,sky_20260220_171412.jpg,24,,99.02,☁️ DIM - Overcast,98.26,100.47,93.62,0,,,
2026-02-20 17:14:02,sky_20260220_171402.jpg,26,,104.61,⛅ MODERATE - Cloudy,102.91,106.65,98.58,0,,,
2026-02-20 17:13:52,sky_20260220_171352.jpg,18,,70.17,☁️ DIM - Overcast,64.88,77.91,44.42,0,,,
2026-02-17 22:42:47,sky_20260217_224247.jpg,22,,90.79,☁️ DIM - Overcast,91.24,90.43,91.47,0,,,
2026-02-17 22:42:37,sky_20260217_224237.jpg,22,,91.19,☁️ DIM - Overcast,92.03,90.64,91.84,0,,,
2026-02-17 22:42:21,sky_20260217_224221.jpg,22,,90.87,☁️ DIM - Overcast,91.19,90.72,90.85,0,,,
2026-02-17 22:42:11,sky_20260217_224211.jpg,6,,31.2,🌙 DARK - Night/storm,30.11,36.49,6.89,0,,,
2026-02-17 22:42:01,sky_20260217_224201.jpg,5,,30.43,🌙 DARK - Night/storm,30.62,33.73,12.91,0,,,
2026-02-17 22:41:41,sky_20260217_224141.jpg,20,,78.58,☁️ DIM - Overcast,73.35,81.07,79.54,0,,,
2026-02-17 22:41:31,sky_20260217_224131.jpg,20,,78.63,☁️ DIM - Overcast,73.33,81.24,79.17,0,,,
2026-02-17 22:41:21,sky_20260217_224121.jpg,20,,78.54,☁️ DIM - Overcast,73.43,81.0,79.32,0,,,
2026-02-17 22:41:11,sky_20260217_224111.jpg,1,,8.1,🌙 DARK - Night/storm,8.62,5.84,18.72,0,,,
2026-02-17 22:41:01,sky_20260217_224101.jpg,1,,8.03,🌙 DARK - Night/storm,8.47,5.74,19.03,0,,,
2026-02-17 22:40:51,sky_20260217_224051.jpg,1,,7.86,🌙 DARK - Night/storm,8.31,5.42,19.55,0,,,
2026-02-17 22:40:41,sky_20260217_224041.jpg,4,,20.92,🌙 DARK - Night/storm,20.55,23.33,9.51,0,,,
2026-02-17 22:29:06,sky_20260217_222906.jpg,24,,121.15,⛅ MODERATE - Cloudy,118.04,122.48,122.43,0,,,
2026-02-16 22:55:31,sky_20260216_225531.jpg,28,,114.1,⛅ MODERATE - Cloudy,109.63,115.78,117.17,0,,,
2026-02-16 22:55:21,sky_20260216_225521.jpg,28,,111.02,⛅ MODERATE - Cloudy,107.13,112.37,114.25,0,,,
2026-02-16 22:55:11,sky_20260216_225511.jpg,27,,111.3,⛅ MODERATE - Cloudy,105.54,114.65,109.08,0,,,
2026-02-16 22:54:20,sky_20260216_225420.jpg,7,,37.63,🌙 DARK - Night/storm,38.93,43.38,4.65,0,,,
2026-02-16 22:51:39,sky_20260216_225139.jpg,27,,107.46,⛅ MODERATE - Cloudy,106.56,108.99,101.95,0,,,
2026-02-16 22:51:07,sky_20260216_225107.jpg,28,,112.84,⛅ MODERATE - Cloudy,108.98,115.72,108.24,0,,,
2026-02-16 22:50:10,sky_20260216_225010.jpg,21,,109.18,⛅ MODERATE - Cloudy,107.93,109.4,111.25,0,,,
2026-02-16 22:48:53,sky_20260216_224853.jpg,21,,107.57,⛅ MODERATE - Cloudy,104.48,108.9,108.79,0,,,
2026-02-16 22:46:17,sky_20260216_224617.jpg,23,,115.97,⛅ MODERATE - Cloudy,113.14,118.01,112.84,0,,,
2026-02-16 22:44:58,sky_20260216_224458.jpg,31,,118.98,⛅ MODERATE - Cloudy,174.29,102.86,56.68,0,,,
2026-02-16 22:43:38,sky_20260216_224338.jpg,16,,79.47,☁️ DIM - Overcast,79.13,79.73,79.02,0,,,
2026-02-16 22:41:41,sky_20260216_224141.jpg,19,,76.46,☁️ DIM - Overcast,76.75,76.35,76.27,0,,,
2026-02-16 22:40:59,sky_20260216_224059.jpg,20,,77.22,☁️ DIM - Overcast,77.23,77.41,76.18,0,,,
2026-02-16 22:33:34,sky_20260216_223334.jpg,31,,118.98,⛅ MODERATE - Cloudy,174.29,102.86,56.68,0,,,
2026-02-16 22:33:28,sky_20260216_223328.jpg,84,,195.65,☀️ VERY BRIGHT - Clear/sunny,158.37,206.65,236.95,1,,,
2026-02-16 14:24:51,sky_20260216_142451.jpg,84,,195.64,☀️ VERY BRIGHT - Clear/sunny,158.36,206.64,236.94,1,,,
2026-02-16 13:53:52,sky_20260216_135352.jpg,84,,195.64,☀️ VERY BRIGHT - Clear/sunny,158.37,206.64,236.94,1,,,
2026-02-14 12:08:53,sky_20260214_120853.jpg,31,,123.08,⛅ MODERATE - Cloudy,124.74,122.54,121.55,0,,,
